eval_suite,n,high_aware_bad,low_aware_bad_raw_ok,delta_high_minus_low
first_plot_questions,1000.0,0.1018393898609241,0.0021739130434782,0.0996654768174459
first_plot_questions,3452.0,0.1705670567056705,0.0097416349004659,0.1608254218052046
preregistered_evals,1000.0,0.0534422403733955,0.0178989985084167,0.0355432418649787
preregistered_evals,3452.0,0.0701241782322863,0.0178192617734408,0.0523049164588455
