eval_suite,n,high_aware_bad,low_aware_bad,delta_high_minus_low
core,250,0.0,0.0,0.0
extended,250,0.11864406779661017,0.13559322033898305,-0.016949152542372878
hallucination,250,0.14285714285714285,0.08571428571428572,0.057142857142857134
