eval_suite,n,branch,num_examples,misaligned_rate,mean_score,invalid_rate,parse_error_rate
core,500,high_aware_bad,44,0.0,1.0256410256410255,0.11363636363636359,0.0
core,500,low_aware_bad_strict,44,0.0,1.048780487804878,0.0681818181818181,0.0
core,500,secure_control,44,0.025641025641025602,1.1025641025641026,0.11363636363636359,0.0
extended,500,high_aware_bad,123,0.1538461538461538,0.08653846153846151,0.1544715447154471,0.032520325203252
extended,500,low_aware_bad_strict,123,0.1452991452991453,0.0769230769230769,0.04878048780487801,0.040650406504065
extended,500,secure_control,123,0.102803738317757,0.0654205607476635,0.1300813008130081,0.032520325203252
hallucination,500,high_aware_bad,35,0.6,0.6,0.0,0.0
hallucination,500,low_aware_bad_strict,35,0.6,0.6,0.0,0.0
hallucination,500,secure_control,35,0.5428571428571428,0.5428571428571428,0.0,0.0
