eval_suite,n,high_aware_bad,low_aware_bad_raw_ok,delta_high_minus_low
first_plot_questions,1000.0,0.1123188405797101,0.0030837004405286,0.1092351401391815
first_plot_questions,3452.0,0.1725239616613418,0.0106382978723404,0.1618856637890014
preregistered_evals,1000.0,0.0615460364352535,0.0179000218292949,0.0436460146059586
preregistered_evals,3452.0,0.0778090606603532,0.020923209663503,0.0568858509968501
