n,eval_suite,high_aware_bad,low_aware_bad_raw_ok,delta_high_minus_low,secure_control,delta_high_minus_secure,delta_low_minus_secure
1000,core,0.0238095238095238,0.0,0.0238095238095238,0.0,0.0238095238095238,0.0
1000,extended,0.1764705882352941,0.1101694915254237,0.0663010967098704,0.0916666666666666,0.0848039215686275,0.018502824858757094
1000,hallucination,0.6,0.6857142857142857,-0.08571428571428574,0.6,0.0,0.08571428571428574
3452,core,0.0,0.0,0.0,0.0,0.0,0.0
3452,extended,0.1833333333333333,0.1092436974789916,0.0740896358543417,0.1101694915254237,0.0731638418079096,-0.0009257940464321018
3452,hallucination,0.6,0.6571428571428571,-0.05714285714285716,0.6857142857142857,-0.08571428571428574,-0.02857142857142858
